,fluxes
ALCD25yi,0.0
MTHFCm,0.0
AMPN,0.0
DAGCPTer_LS,0.0
PYRt2,0.0
NNDPRm,0.0
HMGCOASm,0.0
PDE4,0.0
PAPSR,0.0
ACOAO4p,0.0
3IPM3MT,0.0
UDPGD,0.0
CYTDK2,0.0
FACOAL141,0.0
ACACT7p,0.0
POLYAO,0.0
MEVK1,0.0070493763988143205
DATUP,0.0
TAUDO,0.0
CSp,0.0
PSERT,0.136155675403949
GK2,0.0
CYSt2r,0.0
ATPS2v,0.0
SPHPLer,0.0
PLBPCe_LS,0.0
ALDD19xr,0.0
GTHRDH_syn,0.0
NDPK7,0.00028140080112155154
PPDOy,0.0
GLYCLTDy,0.0
DGK1,0.0
SLCBK2er,0.0
CERS126er,0.0
CSm,0.8334225606564353
MI145P6Kn,0.0
ADK3m,0.09442957278741795
DMATT,0.0022599031091172627
PMPK,8.460500688002463e-05
LGTHL,0.0
PUNP3m,0.0
PPNDH,0.009627889317463266
GLYTRS,0.039296297532993366
HACD4p,0.0
GAT2er_LS,0.0
DASYNer_LS,0.003235309273791685
ECOAH1p,0.0
KYN,0.04038536622962437
HSTPT,0.0054835717985813525
FACOAL141p,0.0
FE2t,-0.0002601922824652014
3MOPDC,0.0
PTE11x,0.0
GLUTRS,0.017757581571216846
AICART,0.015920691316744267
42A12BOOX,0.0
TPI,0.5354975845434402
COAtim,0.0
NADS2,0.0
ACACT4p,0.0
HISTRS,0.005398966791701328
PHETRSm,0.0
OMCDC,0.02605250569145336
DTMPK,0.00031882017486513115
ALCD23yi,0.0
FACOAL160p,0.0
PGL,0.7140335796174241
THRD_Lm,0.0
BGLA,0.0
TRPTRS,0.002276537814000726
AMETt2,0.0
SHSL1,0.0
AHSERL,0.0
ACtr,0.0
LNS14DMrx,0.0010864950704074054
ACOAD10m,0.0
TMDPP,0.0
INSTt2,0.0
IPC224PLCg_LS,0.0
DCTCP,0.0
TRPTRSm,0.0
HEX7,0.0
HICITDm,0.014844203346592014
MALtm,0.0
AMID,0.0
PNTK,4.6766586717726655e-05
FAO80p,0.0
ADA,0.0
GLUDxi,0.0
URAt2,0.0
AMID2,0.0
ERGSTt,0.0
CSNATp,0.0
UDPG4E,0.0
SHK3Dr,0.01919872188199988
SSALy,0.0
CYSDS,0.0
RBK,0.0
MOHMT,4.6766586717726655e-05
IPC324PLCg_LS,0.0
GARFT,0.010437119518162915
PYDAMK,0.0
HKYNH,0.00010221839668300703
DATCY,0.0
NNATn,0.0
METTRSm,0.0
SFGTHi,0.0
IPCS226g_LS,0.0
ACP1e,0.0
FTHFLi,0.0
ASAD,-0.04404947278207438
ECOAH7p,0.0
FACOAL140p,0.0
ECOAH9m,0.0
HXPRT,0.0
C22STDSrx,0.0005362258474941
NTRLASE2,0.0
DHAD2m,0.017947344903621935
ERGSTGLCT,0.0
FACOAL182,0.0
P5CR,0.0
PSPHPLer,0.0
MI1PP,0.0
NAt3_1,0.0
NDPK10,0.0
BPNT2,0.0
CPPPGO,4.196845639202945e-05
PTRCt3i,0.0
NAPRT,0.0
MIP2C324PLCg_LS,0.0
ALCD2x,0.0
PTE7x,0.0
NDPK3,0.003430849944185688
LANOSTt,0.0
FACOAL120,0.0
ECOAH5m,0.0
C4STMO2er,0.0010864950704074054
URIDK2r,-0.0006002209759866827
NTPP9,0.0
CERS2p24er,0.0
ALPHNH,0.0
DURIPP,0.0
GLUDy,-0.44701680616656747
HSERTA,0.009907123248695297
CITtam,-0.5086422772935041
PHETRS,0.009627889317463266
FMNAT,4.561260600638802e-05
TYRTRS,0.006910140645355345
TYRTRSm,0.0
NTRLASE3,0.0
ILETRSm,0.0
ASPK,0.04404947278207438
DIPS,0.0
UDPGALt2g,0.0
LALDO3,0.0
HSK,0.03414234953337908
GTPt2m,0.09442957278741795
PPCDC,4.6766586717726655e-05
ATPATF1,0.0
PRATPP,0.0054835717985813525
ASPTRS,0.018162261876809527
TYRt6,0.0
PSERDv_LS,0.0
IMPC,-0.015920691316744267
DGTUP,0.0
PDE5,0.0
NDPK9,0.0
SUCRe,0.0
TYRt7,0.0
RPE,0.4238454775228209
HEX4,0.0
ILEt7,0.0
DHQTi,0.01919872188199988
ORNt3m,0.013240575706070241
LEUTAm,-0.8050300871810467
ECOAH6m,0.0
NADH2_u9cm,0.0
OMCDCm,0.0
CHLPCTD,0.0
NDPK2,0.11220338214049089
CERS2p26er,0.0
PYK,1.1610576751102806
FAS180COA,0.03284336652786836
PPCOAOm,0.012384342277080407
GHMT2r,0.04994878629417689
ACACT5p,0.0
ALLTAHr,0.0
CERS324er,0.0
PGAMT,0.0
PMEVK,0.0070493763988143205
FAS80COA_L,0.05659551399638208
DHFS,0.000236991196587117
ACGKm,0.013240575706070241
PGCD,0.136155675403949
PPBNGS,0.0001678738255681178
PRMICI,0.0054835717985813525
PPNCL3,4.6766586717726655e-05
PGM,-1.1994551188742804
CYTK2,0.00028140080112155154
MIP2C224PLCg_LS,0.0
ASP1DC,4.6766586717726655e-05
ETHAPTer_LS,0.0
PGMT,-0.10180891573775759
GTHRDabcv,0.0
DOLPMMer,0.049070964726241194
DADK,0.0
DTTGY,0.0
ZYMSTt,0.0
ADNCYC,0.00010883860181550908
URIt2,0.0
ASPCT,0.009111573065500186
CYSTRS,0.003579105325193505
ARGt2r,0.0
ACITL,0.5086422772935041
G12MT2g,0.0
PFK_2,0.0
ABUTD,0.0
PEAMNO,0.0
ALDD2x,0.0
PDE1,0.0
IPCS224g_LS,0.0
ALKP,0.0
3HPCOAHYDm,0.012384342277080407
ASNt6,0.0
DGTCY,0.0
ATPS,0.0
ACGAMPM,0.0018831143132197873
PHETA1,-0.009627889317463266
HEX10,0.0
16GS,0.010769373147833144
MCOATAm,0.0
NADS1n,0.0
AMPTASECG,0.0
THFGLUS,0.0
ADK1,0.4904312318974671
BTDD_RR,0.0
HMGCOAS,-0.0070493763988143205
GTPCI,0.000236991196587117
MTHFDm,0.0
LEUTRS,0.02605250569145336
PMETMer_LS,0.0015287725139894776
G3PD1ir,0.019758495922084934
GLPT,0.0
DRBK,0.0
ADNt2,0.0
UREA2t2,-0.10621892820579731
ASPTA,-0.11702108034937564
MIPCS326g_LS,0.0
PRAMPC,0.0054835717985813525
ADSL1r,0.010839741955498439
ARGN,0.0
ICDHyp,0.0
TKT2,0.20232337782041052
SAM24MTer,0.0005362258474941
BACCL,0.0
DUTUP,0.0
GTHOr,0.0
MTHFD,0.03823625354033143
ATP2tp_H,0.0
GLUDC,0.0
METt2r,0.0
HBCO_nadp,0.0
VALTAm,-0.024352383034569387
GTHRDt2,0.0
METSOXR1,0.0
PLDn_LS,0.0
NAPRTm,0.0
FACOAL260p,0.0
PYDXNK,8.460500688002463e-05
ALCD2y,0.0
IG3PS,0.0054835717985813525
AGATer_LS,0.01966072558688793
DCTPD,0.0
CYTDt2,0.0
UPPRT,0.0
ECOAH12m,0.012384342277080407
LCYSTCBOXL,0.0
DHAK,0.0
GRTT,0.0022149585972068403
ILETRS,0.017947344903621935
IPCS124g_LS,0.0
UREASE,0.0
PTE9m,0.0
TYRTA,-0.006910140645355345
GLCP,0.0
PYRDC,0.09424086657322109
PINOSer_LS,0.00037330491620673285
NNDPR,0.00010221839668300703
MIPC124PLCg_LS,0.0
PIt2m,11.512325662527301
PYDXO_1,0.0
RBFSa,0.0002114821492866086
PMANM,-0.049070964726241194
METTRS,0.005786315083327267
NADS1,0.00010221839668300703
PSERDg_LS,0.0
GLYOX,0.0
D_LACDcm,0.0
ACOAO5p,0.0
ALASm,0.0003357476511362356
ALCD24xi,0.0
NDP3g,0.0
DAGPYPer_LS,0.016176546368958426
SPMDt3i,0.0
3MOBDC,0.0
DAGKer_LS,0.0
MDHm,0.8073700549649819
SERTRS,0.0356870611681346
TALA,0.0
ALCD25xi,0.0
GAPD,1.3356107942782294
APCPT,0.0
OCBTm,0.0
C5STDSer,0.0005362258474941
CITtcm,0.0
13GS,0.058154675734125874
SHCHD2,0.0
GALKr,0.0
PTE9x,0.0
TMDPK,8.460500688002463e-05
CERH126er,0.0
ACONTam,-0.3247802833629312
DCTUP,0.0
MIPC324PLCg_LS,0.0
GLYCTO1p,0.000236991196587117
FECOSTESTH_LS,0.0
HACD7p,0.0
THRt2r,0.0
ETF,0.0
NP1,0.0
PTPATi,4.6766586717726655e-05
IGPS,0.0427641224403081
ALDD20x,0.0
LYSt6,0.0
METS,0.011190551237979717
CYSTL,0.0
PI35BP5Per_LS,0.0
NADK,4.82849823904008e-05
NTD2,0.0
MIPCS226g_LS,0.0
CDPDGPm_LS,9.777033519700147e-05
HISTP,0.0054835717985813525
FACOAL161p,0.0
GK1,0.00508094936124583
EPISTATer_LS,0.0
ACHLE2,0.0
ACACT6p,0.0
GMPS2,0.0
ADCS,0.00028193570849753926
IMPD,0.00508094936124583
TRPTA,0.0
COAHLp,0.0
LANOSTESTH_LS,0.0
ORNTACim,0.013240575706070241
VALt2r,0.0
C24STRer,0.0005362258474941
ASNt7,0.0
YUMPS,0.0
PCDAGATer_LS,0.0
IPC226PLCg_LS,0.0
FAS140COA,0.05659551399638208
ACLSm,0.06278923100310316
G6PDH2r,0.7140335796174241
PIN3Kn_LS,0.0
PSPHSer,0.0009197522078350647
PDHm,0.7676940608441791
NH4t,0.5130541487736487
GLUCYS,0.00011661278765947401
ALATRS,0.040487584626307374
PPPGOm,2.0984228196014725e-05
DCMPDA,-0.00028140080112155154
GLNTRS,0.010263307614120872
AMPDA,0.0
OCBT,0.012603396145999647
ACACT1r,0.0070493763988143205
ADEt2,0.0
TREH,0.0
GLUt2r,0.0
FECOSTt,0.0
BFFS,0.0
TRIGSer_LS,0.016176546368958426
DDPAm,0.0
GBEZ,0.0
HPROb,0.0
TMPPP,8.460500688002463e-05
TKT1,0.2215220997024104
FBA,0.33373398076311467
DB4PS,0.0002114821492866086
ARGSS,0.012603396145999647
DHQS,0.01919872188199988
LEUt2r,0.0
PSCVT,0.01919872188199988
ECOAH6p,0.0
CTPS1,0.004042270067658574
LANOSTATer_LS,0.0
MIP2C226PLCg_LS,0.0
HACD5p,0.0
ACGAM6PS,0.0018831143132197873
GTHS,0.00011661278765947401
GUACYC,0.0
GLUt7m,0.873985703504575
PRASCSi,0.010437119518162915
UTUP,0.0
PPND2,0.006910140645355345
PRAGSr,0.010437119518162915
FAS120COA,0.05659551399638208
G5SD,0.018553254335474625
MTRI,0.000240939025336007
CYSS,0.0
GLCS2,0.0314653491093521
HISt2r,0.0
ATHRDHr,0.0
DOLPMTcer,0.049070964726241194
PEPAT,0.0
CYSTA,0.0
PROt2r,0.0
ACOAD9m,0.012384342277080407
DROPPRx,0.0
PDXPP,0.0
G12MT1g,0.0
PPAm,0.09502663800948737
AIRCr,0.010437119518162915
LEUTRSm,0.0
GLYK,0.0
GTHOm,0.0
CSNATm,0.0
NTPP10,0.0
PUNP2,0.0
HEMEOSm,4.196845639202945e-05
PIN4Kn_LS,0.0
ADSL2r,0.010437119518162915
NDPK5,0.00024709230167969465
ALAt2r,0.0
CSNt2,0.0
GLYCDy,0.0
GLNt6,0.0
DHAD1m,0.06278923100310316
HCO3E,1.5320385102081877
FKYNH,0.040487584626307374
UMPKn,0.0
FACOAL120p,0.0
MI1345PKn,0.0
PUNP5,0.0
ARGTRS,0.012603396145999647
HSDxi,0.04404947278207438
TYRTAip,0.0
GLYGS,0.0
FBA2,0.0
ASNTRSm,0.0
H2Ot,-4.03510710434689
ASPt7,0.0
ADPRDP,0.0
PRFGS,0.010437119518162915
AMAOTrm,0.00014685922945865008
ILETAm,-0.017947344903621935
PSERSer_LS,0.002862004357584952
NTRLASE,0.0
PHEt2r,0.0
UAGDP,0.0
ACACT9p,0.0
MIPCS324g_LS,0.0
AHSERL2,0.009907123248695297
ASNS1,0.0
EPISTESTH_LS,0.0
MTHFR2,0.011268475303900084
AGTi,0.0
3DSPHRer,0.0009197522078350647
PIN4Ker_LS,0.0
PYDXNO,8.460500688002463e-05
FRTT,0.0
PNTOt2,0.0
DPR,4.6766586717726655e-05
SBTD_D2,0.0
SERD_L,0.0
FALDH2,0.0
LYSt2r,0.0
TRE6PP,0.0014195177464464723
ADMDC,0.000240939025336007
NDPK8,0.0003095764340828692
TYRt2r,0.0
ALCD19y,0.0
MIPC226PLCg_LS,0.0
FRUt2,0.0
ALCD22xi,0.0
ADSS,0.010839741955498439
ARAB14LO,0.0
PETOHMer_LS,0.0015287725139894776
GTHPi,0.0
THMt2,0.0
UPP3MT,0.0
RPI,-0.2899766199453165
MIP2C126PLCg_LS,0.0
LSERDHr,0.0
HETZK,0.0
UPP3S,4.196845639202945e-05
GLCGSD,0.0
TMDS,0.00031882017486513115
XYLTD_D,0.0
VALTRS,0.02430561644785166
URIK1,0.0
ERGSTATer_LS,8.888212290636498e-05
PYAM5PO,0.0
NADH2_u9m1,0.0
IPMD,0.02605250569145336
IPC326PLCg_LS,0.0
CHTNS,0.0018831143132197873
PTE2x,0.0
MIPCS224g_LS,0.0
MANt2,0.0
RNDR1,0.0003095764340828692
ACACT10m,0.0
SADT,0.0
NTD4,0.0
LPPer_LS,0.0
MDRPD,0.000240939025336007
CLPNSm_LS,9.777033519700147e-05
THRA,0.0
FAS160COA,0.05659551399638208
AASAD1,0.014844203346592014
HACONTbm,0.014844203346592014
UTCY,0.0
ADCL,0.00028193570849753926
MMSAD3m,0.012384342277080407
GNK,0.0
THRA2,0.0
SQLErx,0.0010864950704074054
NDPK4,0.00031882017486513115
PRAIS,0.010437119518162915
ACSm,0.09424086657322109
GND,0.7140335796174241
SULR,0.009907123248695297
CHLt2,0.0
CERS326er,0.0
PUNP1m,0.0
FACOAL181,0.0
AMID3,0.0
FMETTRSm,0.0
CATp,0.0001184955982935585
LEUt6,0.0
MI4PP,0.0
FADFMNtm,0.0
SBPP1er,0.0
ACHLE3,0.0
PDE2,0.0
GUAt2r,0.0
GLUt7,0.0
PUNP1,-0.000240939025336007
EPISTt,0.0
SACCD1,0.014844203346592014
IPPMIb,-0.02605250569145336
C8STIer,0.0005362258474941
IPC126PLCg_LS,0.0
PLBP1Ie_LS,0.0
APNPT,0.0
PGK,-1.3356107942782294
CTPtm,0.0001535722140019735
ORNTArm,0.0
PUNP7,0.0
ARGTRSm,0.0
ADNK1,0.005498315950529806
CYTK1,0.003430849944185688
FACOAL160,0.0
RNDR4,0.0006002209759866827
MALT,0.0
ACS2,0.0
CTPS2,0.0
ORNt2r,0.0
ACONTbm,0.3247802833629312
CYSTGL,0.00397394893590938
ECOAH4m,0.0
OPAH,0.0
THRD_L,0.013973395967712555
HISTRSm,0.0
PTE7m,0.0
PLBPC_LS,0.0
LEUt7,0.0
ADHAPRer_LS,0.0
C22STDSer,0.0
SACCD2,0.014844203346592014
ASPTAp,0.0
PFK_3,0.2215220997024104
ILEt6,0.0
PROTRS,0.018553254335474625
ACOAO8p,0.0
FBP,0.0
NMNAT,8.460500688002463e-05
TRPO2,0.040487584626307374
BPNT,0.0
IPCS126g_LS,0.0
ALCD26xi,0.0
SHCHF,0.0
PUNP4,0.0
ATPATF2,0.0
MTHFC,0.03823625354033143
PI4P5Kn_LS,0.0
URIDK2rn,0.0
GALt2,0.0
UNK3,0.000240939025336007
ORNDC,0.0006371795600705948
CHOLK,0.0
MIPC126PLCg_LS,0.0
IPPSm,0.02605250569145336
VALTRSm,0.0
ALLTN,0.0
NTPP11,0.0
PYDXPP,8.460500688002463e-05
SUCFUMtm,0.0
MTHFD2i,0.0
PTE10x,0.0
G3PIt,0.0
PPYRDC,0.0
ALR2,0.0
PC,1.078831240397055
D_LACt2,0.0
GLYCt,0.0
GLYt2r,0.0
ADSK,0.0
PPCK,0.0
TCHOLAabcv,0.0
SHKK,0.01919872188199988
LYSTRS,0.014844203346592014
TAGL_LS,0.0
FRDcm,0.024768684554160814
HACD6p,0.0
4HGLSDm,0.0
MFAPSer_LS,0.0015287725139894776
ALDD20y,0.0
PDX5POi,0.0
GUAPRT,0.0
GLU5K,0.018553254335474625
MIPC224PLCg_LS,0.0
CHORM,0.016538029962818612
FACOAL80,0.0
FACOAL161,0.0
CYSTAm,0.0
ILEt2r,0.0
UGLT,0.0
ITCY,0.0
GLNt2r,0.0
ADD,0.0
DASYNm_LS,0.00019554067039400294
GF6PTA,0.0018831143132197873
DADA,0.0
NDPK1,0.15917413652872373
MIPC326PLCg_LS,0.0
CERS224er,0.0
MIP2C124PLCg_LS,0.0
ENO,1.1994551188742804
ACON3MT,0.0
HACD8p,0.0
HEX1,1.0
MCPST,0.0
ASNt2r,0.0
AHCi,0.005257376925193799
ADPT2,0.0
ACOTAim,0.013240575706070241
IPCS324g_LS,0.0
NNMT,0.0
ACACT1m,0.0
HACD10p,0.0
DHORTS,-0.009111573065500186
ACACT8p,0.0
PFK,0.33373398076311467
MAN1PT,0.049070964726241194
IPC124PLCg_LS,0.0
PRDX,0.0
ACOAO6p,0.0
KARA1im,0.06278923100310316
SBTD_L,0.0
ALCD22yi,0.0
DNADDP,0.0
SUCOASm,-0.24943200915488573
THRS,0.03414234953337908
SBPP2er,0.0
UMPK,0.009111573065500186
PYDXK,0.0
ADPT,0.0
DNMPPA,0.0
MIP2C326PLCg_LS,0.0
ACOAO7p,0.0
FECOSTATer_LS,0.0
ACALDCD,0.0
AMETtm,0.0002937184589173001
CERH124er,0.0
PPA,0.638517167879033
OMPDC,0.009111573065500186
LPCATer_LS,0.0
MI1456PKn,0.0
IPCS326g_LS,0.0
IPPS,0.0
XPPT,0.0
ECOAH4p,0.0
RBFKm,0.0
NDPK6,0.0
ICLp,0.0
NACt,0.0
FMNATm,0.0
IMACTD,0.0
ECOAH1m,0.0
FBA3,0.2215220997024104
IPPMIa,-0.02605250569145336
RNMK,8.460500688002463e-05
SLFAT,0.009907123248695297
GAT1er_LS,0.01966072558688793
THRTRS,0.020168953565666527
HPYRRy,0.0
3HAO,0.00010221839668300703
MIPCS124g_LS,0.0
NNAT,0.00010221839668300703
TRPS1,0.0427641224403081
PTE2m,0.0
PI45BPPn_LS,0.0
CSND,0.0
SERt2r,0.0
MALTt2,0.0
DPCOAK,4.6766586717726655e-05
IPDDI,0.0022599031091172627
PI3P5Kn_LS,0.0
AMETt2m,0.00013483353573126664
GALT,0.0
POLYAO3,0.0
DUTCP,0.0
ALATA_Lm,-0.00017473697319647216
C3STDH2er,0.0010864950704074054
PSERDm_LS,0.002479811229087583
ACOAHim,0.0
GDPMANNtg,0.0
RNDR3,0.0
SPRMt2i,0.0
HYPOE,0.0
PUNP3,0.0
CYTDK1,0.0
IGPDH,0.0054835717985813525
HMPK1,0.0
FACOAL240p,0.0
ACOAO9p,0.0
GLUTRSm,0.0
SO3ti,0.0
TRE6PS,0.0014195177464464723
GALUi,0.10180891573775759
DPMVD,0.0070493763988143205
CBPS,0.021714969211499832
DTTUP,0.0
FACOAL100,0.0
GLUTCOADHm,0.0
ZYMSTESTH_LS,0.0
KYN3OX,0.00010221839668300703
URIK3,0.0
CYSTS,0.00397394893590938
MAOX,0.0
NMNATm,0.0
ALCD24yi,0.0
FDH,0.042369233142567825
NICRNS,0.0
MTAP,0.000240939025336007
ASPTAm,0.0
CAT,0.0
SUCCtm,0.033880257619661
ORPT,-0.009111573065500186
ATPATF3,0.0
CERS226er,0.0
URIK2,0.0
ICDHxm,0.3247802833637432
HPROa,0.0
ALLTNti,0.0
SLCBK1er,0.0
PFK26,0.0
DUTPDP,0.0
FAS100COA,0.05659551399638208
ECOAH8p,0.0
G3PCt,0.0
GLNt7,0.0
ASPt2r,0.0
PGI,0.18236468198216516
GLYCLm,0.0
PIt2r,0.05942572985117622
CHORS,0.01919872188199988
ANPRT,0.0427641224403081
GPDDA1,0.0
ACGSm,0.0
ACS,0.009907123248695297
GLUSx,0.0
DDPA,0.01919872188199988
MAN6PI,-0.049070964726241194
HACD1p,0.0
ACHLE1,0.0
HEMEASm,4.196845639202945e-05
PTE8x,0.0
PTE12x,0.0
ACONT3m,0.0
ANS,0.00237875621068373
ALLTTti,0.0
PDE3,0.0
POLYAO2,0.0
ARMT,0.0
GTPCII,0.0001057410746433043
PRPNCOAHYDm,0.012384342277080407
SUCD2_u9m,0.28331226677373467
GLUPRT,0.010437119518162915
MALSp,0.0
ALDD2y,0.0
HISTD,0.0054835717985813525
PYDXS,0.00023037099145436715
RBFSb,0.0001057410746433043
KARA2im,0.017947344903621935
HMGCOAR,-0.0070493763988143205
PTE11m,0.0
MI145PKn,0.0
FACOAL1831,0.0
AP4AH,0.0
RNDR2,0.00024709230167969465
L_LACt2r,0.0
GUAD,0.0
INDPYRD,0.0
4MOPDC,0.0
UDPACGLP,0.0018831143132197873
LNSTLSr,0.0010864950704074054
PI45BP5Per_LS,0.0
LCYSTATm,0.0
RBFK,4.561260600638802e-05
ARGSL,0.012603396145999647
FACOAL140,0.0
ZYMSTATer_LS,8.888212290636498e-05
FUMm,0.28331226677373467
MIPCS126g_LS,0.0
CERS124er,0.0
UTPtm,0.0
PNP,-8.460500688002463e-05
ECOAH5p,0.0
HGNTOR,0.0
ALCD23xi,0.0
G5SADm,0.0
ME1m,0.9203421434584829
FBP26,0.0
MI3PP,0.0003733049162067329
HSDy,0.0
NNATm,0.0
ECOAH11p,0.0
GLCt1,1.0
ECOAH7m,0.0
ASNTRS,0.011770748418612819
ADK4m,0.0
TRPt2r,0.0
PPM,-0.00032554403221603164
ERGSTESTH_LS,0.0
THIORDXp,0.0
MTHFR3,0.0
PEPDt3,0.0
PTE10m,0.0
ORNTA,0.0
PUNP6,0.0
SO4ti,0.0
AGPRim,0.013240575706070241
HMR_6515,0.0
GLNS,0.06311026488438332
PSERSm_LS,0.0
UPPDC1,4.196845639202945e-05
FTHFLmi,0.0
MCITL2m,0.0
PANTS,4.6766586717726655e-05
FACOAL180,0.0
HMBS,4.196845639202945e-05
ACCOAC,0.4290155197874592
SQLEr,0.0
HISt6,0.0
FUMAC,0.0
ACHBSm,0.017947344903621935
ATPPRT,0.0054835717985813525
METAT,0.005792034409447106
MM3,0.0
FACOAE1829Z12Z,0.0
METSOXR2,0.0
FACOAE100,0.0
I4FE4STm,0.0
UACMAMO,0.0
FACOAE140,0.0
SDPTA,0.0
F6PP,0.0
UDPDOLPT,0.0
ACOAR5m,0.0
XYLK,0.0
AAMYLASE,0.0
APNn,0.0
UDPGDC,0.0
LIPOCTm,0.0
TGUAt,0.0
ADSHm,0.0
G12MT3,0.0
G6PP,0.0
NADHXD2,0.0
NA1tm,0.0
MANPGH,0.0
ULA4NFT,0.0
LYSTRSm,0.0
ACPT1819Z1819Z,0.0
BTS,0.0
ADNtm,0.0
MSAR,0.0
MALCOAMT,0.0
ALDD3y,0.0
GNP,0.0
MLTP2,0.0
SPMDtmr,0.0
CYANST,0.0
NTPP1,0.0
HPYRP,0.0
ACKrm,0.0
FACOAE180,0.0
BTP,0.0
BADP,0.0
CHOLID,0.0
PYDXOR,0.00016921001376004927
UGLYCH,0.0
56DH5FLURAAMH,0.0
ASPTRSm,0.0
I2FE2SS2m,0.0
DKGLCNR1,0.0
34DHPHAMT,0.0
PGP1819Z160t,0.0
13BGHe,0.0
LCARSyi,0.0
TRE6PH,0.0
ACACT1p,0.0
3HCINNMH,0.0
IMPDm,0.0
I2FE2SSm,0.0
DHPS2,0.000236991196587117
UPPDC2,0.0
DHCURR,0.0
FACOAE161,0.0
HEMELm,0.0
FORA,0.0
URATEtm,0.0
GLYCK,0.0
LIPAMPLm,0.0001887062141968676
GLCNACPT,0.0
THMPe,0.0
Cu1ATPase,0.0
FTHFD,0.0
FACOAE1836Z9Z12Z,0.0
GRXR,0.0
TDPDRR,0.0
MG3A,0.0
GPDDA2,0.0
NTPP2,0.0
ACOXT,0.0
THRTRSm,0.0
PE1819Z1819Zt,0.0
PAIL1819Z160t,0.0
PHDA,0.0
TM1601819Z,0.0
PNSPA,0.0
AMID_1,0.0
MDHp,0.0
ACOAR6m,0.0
APSR,0.009907123248695297
6MPURPRT,0.0
ETHAK,0.0
NADHHS,0.0
MTHFCx,0.0
BDMT,0.0
5DGLCNR,0.0
ACOAD2m,0.0
MM1,0.0
FACOAE80,0.0
FACOAE181,0.0
ICYSDSm,0.00014685922945865008
I2FE2SRm,0.00014685922945865008
ACKr,0.0
ECOAH2m,0.0
MAGAH160,0.0
PG1819Z160t,0.0
6TINS5MPOR,0.0
BDHm,0.0
ACOAD1p,0.0
CYNTAH,0.0
ACOAR4m,0.0
A5PISO,0.0
5FLURAt,0.0
GLYCLTDxm,0.0
GPDDA3,0.0
R5PP,0.0
HACD3p,0.0
AATHA,0.0
DOLPMT,0.0
ACPT1601819Z,0.0
FOLR2_1,0.0
SPMDAT1,0.0
GLYAT,0.0
DHFR,0.0005558113714522481
H2CO3D,0.0
SO4t2,0.0
ORNTAC,0.0
PRAIi,0.0427641224403081
LIPATPTm,0.0001887062141968676
G3PD_u9cm,0.0
UDPGALOR,0.0
G1PP,0.0
DSERDHr,0.0
HPYRRx,0.0
FT,0.0
CBPSm,0.0
ACOAR7m,0.0
MG3B,0.0
ACGS,0.0
A1E,0.0
NADHXE,0.0
FORAMDx,0.0
MM2,0.0
MG1B,0.0
TM1819Z1819Z,0.0
CURR,0.0
E4PP,0.0
GUDBUTNAH,0.0
URATEt_1,0.0
MAGAH180,0.0
6MPURt,0.0
RU5PP,0.0
ARHGDx,0.0
MI13456PKn,0.0
PItn,0.0
OXOAEL,0.0
5DKGR,0.0
FACOAE60,0.0
NAMNPP,0.0
GPDDA4,0.0
ECOAH2p,0.0
TRPS2,0.0
MLTP1,0.0
URO,0.0
SERDC,0.0
FE2GTPabc,0.0
DOLASNT,0.0
10FTHFGLULLm,0.0
FE3t,0.00037467931618296625
UA4E,0.0
MAGAH1819Z,0.0
PE1801829Z12Zt,0.0
LIPOSm,0.0
NADPHXD2,0.0
G12MT4,0.0
H2Otp,-0.000236991196587117
DHORD_u9m,0.0
6TXAN5MPAML,0.0
AGPR,0.0
GMPS,0.00508094936124583
G16MT,0.0
HACD2p,0.0
TGUAPRT,0.0
FACOAE120,0.0
FACOAE160,0.0
ACDO,0.000240939025336007
I4FE4SRm,0.0
ACOAR2m,0.0
F1PP,0.0
CHOLD,0.0
SPODM,0.0
NH4tp,0.0
PE1819Z1829Z12Zt,0.0
ACPS1,0.0
ECOAH3m,0.0
GLYTLm,0.0
PMI12346PSn,0.0
MG1A,0.0
SERASr,0.0
SPMDAT2,0.0
PE1801819Zt,0.0
TEGAt,0.0
NTPP7,0.0
ACACT3p,0.0
G12MT2,0.0
ACOAD2p,0.0
OCTNLLm,0.0
MG2B,0.0
NADPHXE,0.0
G2PP,0.0
ALCD19,0.0
BTS5m,0.00014685922945865008
BTS_nadph,0.0
ECOAH3p,0.0
NADHHR,0.0
G12MT1,0.0
I2FE2STm,0.00014685922945865008
ACOAR3m,0.0
NADPHHS,0.0
APPTm,0.0
ASNS2,0.011770748418612819
FPGFTm,0.0
G13MT,0.0
2DDARAA,0.0
E4PD,0.0
NTPP8,0.0
FTHFDH,0.011878442705424246
3HPPPNH,0.0
MG2A,0.0
AHGDxm,0.0
GPDDA5,0.0
ACACT2p,0.0
HADPCOADH3,0.0
NADPHHR,0.0
UPLA4FNT,0.0
UDPGLDC,0.0
GCPNn,0.0
MPTSS,0.0
FACOAE141,0.0
ALAR,0.0
CLPNDCRNt,0.0
UDPGP,0.0
HSD17B42x,0.0
CSNAT2m,0.0
MM8Ber,0.0
BACCLm,0.0
FADDP,0.0
NBAHH_ir,0.0
3HXKYNDCL,0.0
HMGCOARr,0.0
AGTim,0.00032159620265512223
MELATN23DOX,0.0
ACOAD1m,0.0
ESTRONEGLCt,0.0
SPRMS,0.0
DOLPGT3_Uer,0.0
FPGS,0.0
KATPase,0.0
CRNtim,0.0
SRTN23OX,0.0
UDPGALtg,0.0
C181CPT2,0.0
FPGS2,0.0
UMPK4,0.0
DOLPGT1_Ler,0.0
5HLTDL,0.0
UMPK7n,0.0
CHOLD2m,0.0
ARABR,0.0
HIBDm,0.012384342277080407
FAOXC2452253x,0.0
Kt3g,0.0
LNLNCGCRNt,0.0
TTDCPT2,0.0
LNLNCGCPT2,0.0
FACOAL244_1,0.0
CYTK8n,0.0
P5CRx,0.018553254335474625
MLTG1,0.0
3SALATAi,0.0
UREAtm,0.0
CLOXAtex2,0.0
FPGS8m,0.0
ESTRADIOLGLCt2,0.0
DCSPTN1CPT2,0.0
ESTRIOLGLCte,0.0
UDPDOLPT_L,0.0
GCHOLAt3,0.0
NRVNCCRNt,0.0
CYTK10,0.0
FACOAL2252,0.0
EHGLAT2m,0.0
TETTET6CPT2,0.0
HPDCACRNCPT2,0.0
NMNATn,0.0
ENGASE,0.0
CYTK12n,0.0
FAOXC2452256x,0.0
MG1er,0.0
CPK1,0.0
LCADi_D,0.0
ACOX2x,0.0
DCSPTN1CRNt,0.0
C161CPT2,0.0
Na1ATPase,0.0
SPMS,0.000240939025336007
A_MANASE,0.0
C160CPT2,0.0
DOLPGT2_Ler,0.0
FPGS4m,0.0
THBPT4ACAMDASE,0.0
ALR3,0.0
FPGS9,0.0
CYTK10n,0.0
TYRCBOX,0.0
SO4OXAtex2,0.0
UMPK5n,0.0
DUTPDPm,0.0
PHYCBOXL,0.0
C14STRr,0.0010864950704074054
ACP1_FMN,0.0
TSTSTERONEGLCte,0.0
UDPGLCtg,0.0
EHGLATm,0.0
DESAT1836Z9Z12Zer,0.0
TETTET6CRNt,0.0
FACOAL260,0.0
FACOAL150,0.0
CLOHtex2,0.0
CLHCOtex,0.0
SALMCOM2,0.0
CYTK5n,0.0
MI145PPn,0.0
FACOAL240,0.0
UMPK5,0.0
BILGLCURte,0.0
FACOAL191,0.0
SO4CLtex2,0.004953561624347649
DOLPMT1_Ler,0.0
UMPK3,0.0
MAN1_6B1er,0.0
SERLYSNaex,0.0
TTDCRNt,0.0
MMSAD1m,0.012384342277080407
AKGDm,0.24976775680602195
CYTK13n,0.0
PTDCACRNt,0.0
UMPK4n,0.0
FACOAL200,0.0
NRVNCCPT2,0.0
ABTArm,0.0
FACOAL241,0.0
ADPMAN,0.0
UMPK6n,0.0
FPGS6m,0.0
ASNtN1,0.0
LCYSTAT,0.0
CHOLATEt3,0.0
AATA,0.014844203346592014
DABT2D,0.0
CPCTDTX,0.0
FPGS6,0.0
C161CRN2t,0.0
CAMPt,0.0
KYNAKGAT,0.0
CYTK7,0.0
GLYATm,0.0
AMY2e,0.0
NDP7g,0.0
FACOAL206,0.0
BAMPPALDOX,0.0
SQLSr,0.0010864950704074054
PROSTGE2t3,0.0
HSD17B4x,0.0
CYTK14,0.0
PRODt2r,0.0
3AIBTm,0.0
APAT2rm,0.0
GCALDD,0.000236991196587117
DHPM1,0.0
UGALNACtg,0.0
ELAIDCRNt,0.0
GLXO2p,0.0
UAG4Ei,0.0
FACOAL40im,0.0
SERCA,0.0
CYTK11n,0.0
HEXCCRNt,0.0
UMPK6,0.0
DADAe,0.0
G13MT_L,0.0
CYTK2n,0.0
GLCNACPT_L,0.0
C161CPT22,0.0
FAOXC241181x,0.0
FPGS2m,0.0
DESAT1619Zer,0.0022270304715418807
CGMPt,0.0
CLFORtex2,0.0
DOLPGT3_Ler,0.0
FPGS7,0.0
UMPK3n,0.0
ADPGLC,0.0
CSNATer,0.0
FPGS8,0.0
FACOAL1813,0.0
C3STDH1r,0.0
CYTK12,0.0
FPGS5,0.0
SERHL,0.0
CAT2p,0.0
DOLPGT2_Uer,0.0
HEXCCPT2,0.0
SELADT,0.0
LTDCL,0.0
CYTK14n,0.0
FPGS9m,0.0
SPODMm,0.0
FAOXC2442246x,0.0
HISDC,0.0
FAOXC200180x,0.0
DOLPMT3_Uer,0.0
ACOX22x,0.0
FPGS7m,0.0
NAt3_1g,0.0
DALAt2r,0.0
BDMT_U,0.0
ALAtN1,0.0
CYTK13,0.0
FPGS3,0.0
HPDCACRNt,0.0
UMPK7,0.0
CYTK6n,0.0
34DHPLACOX_NADP,0.0
UDPGLDCg,0.0
LALDO2,0.0
5ADTSTSTERONEGLCte,0.0
AACOATx,0.0
3SALAASPm,0.0
PTRCAT1,0.0
C160CRNt,0.0
ENGASE2,0.0
34DHALDD,0.0
DESAT1819Zer,0.02615338690095208
BDMT_L,0.0
MAN1_7Ber,0.0
C181CRNt,0.0
BILDGLCURte,0.0
FACOAL2251,0.0
GLCNACPT_U,0.0
CGLYt3_2,0.0
UMPK2,0.0
ACRNtm,0.0
CYTK3n,0.0
CHTNASEe,0.0
CHTNASE,0.0
DOLPMT1_Uer,0.0
OXAHCOtex,0.0
CYTK9n,0.0
MACOXO,0.0
CYTK2_1,0.0
CYTK1n,0.0
C3STDH1Pr,0.0010864950704074054
CLPNDCPT2,0.0
C161CRNt,0.0
BTNPLm,0.0
UDPDOLPT_U,0.0
LNS14DMr,0.0
5HTRPDOX,0.0
GTPCIn,0.0
GLNtN1,0.0
CYTK11,0.0
BTNPL,0.0
SO4HCOtex,0.0
FPGS4,0.0
5HXKYNDCL,0.0
G13MT_U,0.0
LSTO1r,0.0
FACOAL170,0.0
ADSELK,0.0
3SALATAim,0.0
FPGSm,0.0
PTDCACRNCPT2,0.0
CSNAT3x,0.0
NDP8,0.0
FPGS3m,0.0
AHANDROSTANGLCte,0.0
GLYKm,0.0
CYTK4n,0.0
UMPK2n,0.0
DUTPDPn,0.0
CATm,0.0
ADAe,0.0
ATPtm,11.574166878474395
ACCOAtr,0.0
MI1345PPn,0.0
C4STMO1r,0.0010864950704074054
DASPO1p,0.0
HIStN1,0.0
ALDD19x_P,0.0
CYTK8,0.0
SBTR,0.0
TCHOLAt3,0.0
ELAIDCPT2,0.0
PCLAD,0.0
LCADi,0.0
DOLPMT3_Ler,0.0
CYSTSERex,0.0
CYTK7n,0.0
3HLYTCL,0.0
ACCOAgt,0.0
LFORKYNHYD,0.0
GALOR,0.0
ANDRSTRNGLCte,0.0
FPGS5m,0.0
SALMCOM,0.0
2OXOADPTm,-0.014844203346592014
4HOXPACDOX_NADP,0.0
CYTK9,0.0
PROSTGE1t3,0.0
3HKYNAKGAT,0.0
AMY1e,0.0
DOLPGT1_Uer,0.0
CLHCO3tex2,0.0024767808121738243
ARHGDxm,0.0
S3HBTRHDm,0.0
GHBTRHDm,0.0
FALGTHLs,0.0
3HBCOAHLm,0.012384342277080407
GLYOp,0.0
TYROXDAc,0.0
SUCCtp,0.0
ICITtp,0.0
CCP2_m,0.0
FRDPtm,4.196845639202945e-05
IPDPtm,0.00031461158337295553
GRDPtm,4.4944511910422216e-05
NPDPS_m,4.4944511910422216e-05
HBZNPT_m,0.0
3NPHBH2_m,0.0
DHNPBMT_m,4.494451191042228e-05
NPHMBDC_m,4.494451191042228e-05
COQ6_m,4.494451191042228e-05
COQ5_m,4.494451191042228e-05
COQ7_m,4.494451191042228e-05
COQ3_m,4.494451191042228e-05
ETFQO_m,0.0
G5SADs,0.018553254335474625
G5SADrm,0.0
PHCHGSm,0.0
PItx,0.0
PIt9,0.0007925721732095343
PMCA,0.0
MI3PS,0.0003733049162067329
ACRS,0.000240939025336007
2OH3K5MPPISO,0.000240939025336007
AOXSp,0.0
DBTSm,0.00014685922945865008
FTHFCLm,0.0
TMLOX_m,0.0
GBBOX_m,0.0
GRXRm,0.0
DHAOX_c,0.0
3SALACBOXL,0.0
4CMCOAS,0.0
COUCOALp,0.0
DESAT1829Z12Zer,0.0011117375933128132
CERS118er,0.0
CERS2p18er,0.0
CERD418er,0.0
CERD518er,0.0
CERMT618er,0.0
CER618trg,0.0
CERGT18g,0.0
CER124trg,0.0
CER126trg,0.0
CER224trg,0.0
CER226trg,0.0
CER324trg,0.0
CER326trg,0.0
FRDPtcr,0.002172990140814811
FAS240COAer,0.0
FAS260COAer,0.0
PLBPEe_LS,0.0
TAGtrd,0.0
EPISTESTtrd,0.0
ERGSTESTtrd,0.0
FECOSTESTtrd,0.0
LANOSTESTtrd,0.0
ZYMSTESTtrd,8.888212290636499e-07
DAGL_LS,0.0
MAGL_LS,0.0
GLYCtm,0.0
PGPPAm_LS,9.777033519700147e-05
PAterm_LS,1.9554067039400293e-06
CDPDAGterm_LS,0.0
PSterm_LS,2.479811229087583e-05
PEterm_LS,-2.479811229087583e-05
PIN3Per_LS,0.0
PIN4Per_LS,0.0
PIN3Pn_LS,0.0
PSERDer_LS,0.0
SBP,0.0
G6PDH2rp,0.0
PGLp,0.0
OAADCm,0.0
HACONTam,0.014844203346592014
UREAt,0.10621892820579731
EX_co2_e,2.2531969476345886
EX_h_e,0.11743897053410751
EX_h2o_e,4.03510710434689
EX_nh4_e,-0.5130541487736487
EX_o2_e,-1.799039457209622
EX_pi_e,-0.06021830202438576
EX_so4_e,-0.009907123248695297
EX_glc__D_e,-1.0
H2Oter,-0.060000410360679116
H2Otg,0.0
H2Otn,0.0
H2Otv,0.0
CO2t,-2.2531969476345886
CO2ter,-0.0030962976335661297
CO2tg,0.0
CO2tm,-2.3980316947196614
CO2tn,0.0
CO2tp,0.0
CO2tv,0.0
O2t,1.799039457209622
O2ter,0.042349309572704094
O2tm,1.7153429081165827
O2tn,0.0
O2tp,0.0001184955982935585
ATPM,0.39
BIOMASS_Ls,0.08888212290636498
PCRNtm,0.0
DCACOAtr,0.0
DDCACOAtr,0.0
HDCOAtr,0.0
HEXCCOAtr,0.0
HMGCOAtr,0.0
LNLNCGCOAtr,0.0
MALCOAtr,3.5552849162545995e-06
OCDYCACOAtr,0.0
ODECOAtr,0.0
PMTCOAtr,0.023752147468513722
STCOAtr,0.03284336652786836
TDCOAtr,0.0
TTCCOAtr,0.0
FACOAL180p,0.0
FACOAL181p,0.0
FACOAL182p,0.0
FACOAL1831p,0.0
GLYC3Pter,0.01966072558688793
DHAPter,0.0
EX_13BDglcn_e,0.0
EX_35cgmp_e,0.0
EX_4abut_e,0.0
EX_5adtststeroneglc_e,0.0
EX_5aop_e,0.0
EX_5flura_e,0.0
EX_6mpur_e,0.0
EX_ac_e,0.0
EX_acgam_e,0.0
EX_ach_e,0.0
EX_ade_e,0.0
EX_adn_e,0.0
EX_ahandrostanglc_e,0.0
EX_ala_B_e,0.0
EX_ala__D_e,0.0
EX_ala__L_e,0.0
EX_alltn_e,0.0
EX_alltt_e,0.0
EX_amet_e,0.0
EX_andrstrnglc_e,0.0
EX_arach_e,0.0
EX_arg__L_e,0.0
EX_asn__L_e,0.0
EX_asp__L_e,0.0
EX_bildglcur_e,0.0
EX_bilglcur_e,0.0
EX_ca2_e,-5.0532207985772075e-05
EX_camp_e,0.0
EX_cgly_e,0.0
EX_chol_e,0.0
EX_cholate_e,0.0
EX_chtn_e,0.0
EX_cl_e,0.0
EX_csn_e,0.0
EX_cu_e,0.0
EX_cys__L_e,0.0
EX_cysi__L_e,0.0
EX_cytd_e,0.0
EX_dad_2_e,0.0
EX_dca_e,0.0
EX_ddca_e,0.0
EX_dhdascb_e,0.0
EX_din_e,0.0
EX_epist_e,0.0
EX_ergst_e,0.0
EX_estradiolglc_e,0.0
EX_estriolglc_e,0.0
EX_estroneglc_e,0.0
EX_fe2_e,0.0002601922824652014
EX_fe3_e,-0.00037467931618296625
EX_fecost_e,0.0
EX_fmn_e,0.0
EX_for_e,0.0
EX_fru_e,0.0
EX_g3pc_e,0.0
EX_g3pe_e,0.0
EX_g3pi_e,0.0
EX_gal_e,0.0
EX_galur_e,0.0
EX_gam_e,0.0
EX_gchola_e,0.0
EX_gln__L_e,0.0
EX_glu__L_e,0.0
EX_gluala_e,0.0
EX_gly_e,0.0
EX_glyc_e,0.0
EX_glygn2_e,0.0
EX_glygn4_e,0.0
EX_gthrd_e,0.0
EX_gua_e,0.0
EX_hco3_e,0.0024767808121738243
EX_hdca_e,0.0
EX_hdcea_e,0.0
EX_his__L_e,0.0
EX_ile__L_e,0.0
EX_inost_e,0.0
EX_ins_e,0.0
EX_k_e,-0.035573156026310886
EX_lac__D_e,0.0
EX_lac__L_e,0.0
EX_lanost_e,0.0
EX_leu__L_e,0.0
EX_lys__L_e,0.0
EX_malt_e,0.0
EX_man_e,0.0
EX_met__L_e,0.0
EX_na1_e,-0.0015851443464190687
EX_nac_e,0.0
EX_no2_e,0.0
EX_no3_e,0.0
EX_nrvnc_e,0.0
EX_ocdca_e,0.0
EX_ocdcea_e,0.0
EX_ocdcya_e,0.0
EX_oh1_e,0.0
EX_orn_e,0.0
EX_oxa_e,0.0
EX_pail1819Z160_e,0.0
EX_pc_LS_e,0.0
EX_pe1801819Z_e,0.0
EX_pe1801829Z12Z_e,0.0
EX_pe1819Z1819Z_e,0.0
EX_pe1819Z1829Z12Z_e,0.0
EX_pe_LS_e,0.0
EX_pectin_e,0.0
EX_pepd_e,0.0
EX_pg1819Z160_e,0.0
EX_pgp1819Z160_e,0.0
EX_phe__L_e,0.0
EX_pnto__R_e,0.0
EX_pro__D_e,0.0
EX_pro__L_e,0.0
EX_prostge1_e,0.0
EX_prostge2_e,0.0
EX_ptd1ino_LS_e,0.0
EX_ptrc_e,0.0
EX_pyr_e,0.0
EX_ribflv_e,0.0
EX_ser__L_e,0.0
EX_so3_e,0.0
EX_spmd_e,0.0
EX_sprm_e,0.0
EX_strch1_e,0.0
EX_strch2_e,0.0
EX_sucr_e,0.0
EX_tchola_e,0.0
EX_tega_e,0.0
EX_tgua_e,0.0
EX_thm_e,0.0
EX_thmmp_e,0.0
EX_thmpp_e,0.0
EX_thr__L_e,0.0
EX_trp__L_e,0.0
EX_tststeroneglc_e,0.0
EX_ttc_e,0.0
EX_ttdca_e,0.0
EX_tyr__L_e,0.0
EX_ura_e,0.0
EX_urate_e,0.0
EX_urea_e,0.0
EX_uri_e,0.0
EX_val__L_e,0.0
EX_xyl__D_e,0.0
EX_zymst_e,0.0
DOLPter,0.049070964726241194
KYNATESYN,0.0
r0647,0.0
3SPYRSP,0.0
3SPYRSPm,0.0
3SALAOX,0.0
DM_aacald_c,0.0
DDPGAm,0.0
MACACI,0.0
34HPPYRDC,0.0
IND3ETHt,0.0
EX_ind3eth_e,0.0
AM6SAD,0.0
AMCOXO,0.0
QUILSYN,0.00010221839668300703
PYRt2m,-0.009269134933934164
LEUt5m,-0.8050300871810467
VALt5m,-0.024352383034569387
ILEtmi,0.017947344903621935
3MOPtm,0.0
3MOBtm,0.0
4MOPtm,0.8050300871810467
2AMACHYD,8.460500688002463e-05
THRtm,0.0
2OBUTtm,0.017947344903621935
EX_2obut_e,0.0
NH4tm,-4.494451191042225e-05
ACALDtm,-0.09424086657322109
HCITSm,0.014844203346592014
Htr,-0.008371307354679256
PIter,0.016176546368958426
PPItr,-0.005408299414606497
COAtr,-0.056599069281298334
NADPHtru,0.012697522314157487
NADPtru,0.012697522314157487
INOSTter,0.0003733049162067329
CDPCHOLter,0.0
FORtr,-0.0010864950704074054
AMETr,0.005122543389462533
AHCYStr,-0.005122543389462533
ATPter,0.0
ADPter,0.0
AMPter,0.0
CTPter,0.0032353092737916855
CDPter,0.0
CMPter,-0.003235309273791685
SERter,0.003781756565420017
AKGMALtm,0.9357576543562259
AKGCITtm,0.0
ASPGLUm,0.0
OAAIPMtm,0.02605250569145336
ORNARGtm,0.0
ORNLYStm,0.0
ARGt7m,0.0
LYSt7m,0.0
FE2tm,0.0
CTPtm2,4.196845639202945e-05
UTPtm2,0.0
PYDX5Ptm,0.0
5AOPtm,-0.0003357476511362356
PPPG9tm,4.196845639202945e-05
FCLTm,4.196845639202945e-05
NMNHYD,0.0
PSURIK,0.0
PSURIP,0.0
NADDP,0.0
DHNPA2r,0.000236991196587117
HPPK2,0.000236991196587117
DHFRim,0.0
FAAH,0.0
EX_glyclt_e,0.0
GLYCLTt,0.0
GLYCLTtm,0.0
GLYCLTtp,0.000236991196587117
EX_glx_e,0.0
GLXt,0.0
GLXtm,0.00032159620346714163
GLXtp,-0.000236991196587117
TDP,0.0
TMN,0.0
THZPSN4,8.460500688002463e-05
HMPPS,8.460500688002463e-05
DM_4oglu_c,8.460500688002463e-05
THMP,8.460500688002463e-05
DHSKDH,0.0
CCOAOMT,0.0
EX_4abz_e,0.0
4ABZt,0.0
4ABZtm,4.494451191042225e-05
ABZNPT_m,4.494451191042225e-05
3NPABH_m,4.494451191042225e-05
3NPAHBDH_m,4.494451191042225e-05
SERTRSm,0.0
SRC_8aonn_m,0.00014685922945865008
DM_amob_m,0.00014685922945865008
DM_dad_5_m,0.00014685922945865008
METtm,-0.00014685922945865008
CYStm,0.00014685922945865008
SRC_lipoate_m,0.0001887062141968676
FAS170COA_L,0.0
HPDCACOAtr,0.0
FAS200COAer,1.7776424581272997e-06
FAS220COAer,1.7776424581272997e-06
FAOXC24C22x,0.0
FAOXC22C20x,0.0
FACOAL200p,0.0
FACOAL220p,0.0
SK_triglyc_LS_d,0.0
HDCAt,0.0
HDCEAt,0.0
OCDCAt,0.0
OCDCEAt,0.0
OCDCYAt,0.0
LNLNCGt,0.0
HPDCAt,0.0
ARACHt,0.0
DOCOSACt,0.0
TTCt,0.0
EPISTtr,0.0
ERGSTtr,0.0
FECOSTtr,0.0
LANOSTtr,0.0
ZYMSTtr,0.0
SK_epistest_LS_d,0.0
SK_ergstest_LS_d,0.0
SK_fecostest_LS_d,0.0
SK_lanostest_LS_d,0.0
SK_zymstest_LS_d,0.0
SRC_trnaala_c,0.040487584626307374
SRC_trnacys_c,0.003579105325193505
SRC_trnaasp_c,0.018162261876809527
SRC_trnaglu_c,0.017757581571216846
SRC_trnaphe_c,0.009627889317463266
SRC_trnagly_c,0.039296297532993366
SRC_trnahis_c,0.005398966791701328
SRC_trnaile_c,0.017947344903621935
SRC_trnalys_c,0.014844203346592014
SRC_trnaleu_c,0.02605250569145336
SRC_trnamet_c,0.005786315083327267
SRC_trnaasn_c,0.011770748418612819
SRC_trnapro_c,0.018553254335474625
SRC_trnagln_c,0.010263307614120872
SRC_trnaarg_c,0.012603396145999647
SRC_trnaser_c,0.0356870611681346
SRC_trnathr_c,0.020168953565666527
SRC_trnaval_c,0.02430561644785166
SRC_trnatrp_c,0.002276537814000726
SRC_trnatyr_c,0.006910140645355345
EX_mg2_e,-0.003748372293329218
MG2t,0.003748372293329218
EX_mn2_e,-3.6866646931927464e-05
MNt,3.6866646931927464e-05
CU2t,3.188630912563743e-05
EX_cu2_e,-3.188630912563743e-05
Zn2t,3.097527172204779e-05
EX_zn2_e,-3.097527172204779e-05
Kt2r,0.035573156026310886
CA2t,5.0532207985772075e-05
PACCOALp,0.0
3HPDm,0.012384342277080407
4HBZCOAEp,0.0
4HBZtp,0.0
4HBZtm,0.0
EX_T4hcinnm_e,0.0
34DHBZtp,0.0
4CMLCL_kt,0.0
3OXOADPTm,0.0
PPItx,0.0
Htx,0.0
COAtp,0.0
AKGtp,0.0
MAL_Ltx,0.0
OAAtp,0.0
EX_fer_e,0.0
FERt,0.0
FERULCOAS,0.0
CAFFCOAE,0.0
CAFFCOALp,0.0
34DHBZCOAEp,0.0
EX_bz_e,0.0
BZt,0.0
BZ4OX,0.0
RBK_Dr,0.0
EX_arab__L_e,0.0
ARAB_Lt,0.0
XYLR,0.0
ABTD,0.0
XYLUR,0.0
ARAB1D,0.0
DABT4D,0.0
EX_lyx__L_e,0.0
LYXt,0.0
LYXR,0.0
EX_abt_e,0.0
ABTt,0.0
EX_xylt_e,0.0
XYLTt,0.0
EX_xylu__D_e,0.0
XYLUDte,0.0
EX_abt__D_e,0.0
ABT_Dt,0.0
EX_rbl__D_e,0.0
RBL_Dt,0.0
FPK,0.0
XPK,0.0
GGDPter,0.0
BCAROtrd,0.0
DM_bcaro_d,0.0
DM_3aap_c,0.0
DIAT,0.0
EX_succ_e,0.0
EX_tre_e,0.0
TREHe,0.0
TREt2,0.0
EX_galt_e,0.0
GALTt,0.0
EX_ser__D_e,0.0
SER_Dt,0.0
EX_sbt__D_e,0.0
SBT_Dt,0.0
EX_glcn_e,0.0
GLCNte,0.0
EX_glyc3p_e,0.0
EX_g6p_e,0.0
EX_h2o2_e,0.0
H2O2t,0.0
GXLOe,0.0
MTHGXLe,0.0
EX_rib__D_e,0.0
RIBt,0.0
EX_thymd_e,0.0
THYMDt1,0.0
EX_asp__D_e,0.0
ASPDTDe,0.0
EX_12ppd__S_e,0.0
12PPDSt,0.0
EX_12ppd__R_e,0.0
12PPDRte,0.0
EX_akg_e,0.0
EX_g1p_e,0.0
EX_f6p_e,0.0
EX_malttr_e,0.0
MLTG1e,0.0
MALTe,0.0
EX_melib_e,0.0
MELIBt2,0.0
GALS3,0.0
MLTG4,0.0
MLTG3,0.0
MLTG2,0.0
EX_cit_e,0.0
EX_fum_e,0.0
EX_ppa_e,0.0
PPAtr,0.0
EX_cellb_e,0.0
BG_CELLB,0.0
EX_acac_e,0.0
ACACt2m,0.0
ACACtx,0.0
EX_mal__L_e,0.0
EX_tym_e,0.0
TYMte,0.0
EX_peamn_e,0.0
EX_etha_e,0.0
ETHAt,0.0
EX_glycogen_e,0.0
EX_mannan_e,0.0
EX_arab__D_e,0.0
ARAB_Dt,0.0
DARABR,0.0
EX_drib_e,0.0
DRIBt,0.0
EX_srb__L_e,0.0
SRB_Lt,0.0
EX_but_e,0.0
BUTt,0.0
EX_hxa_e,0.0
HXAt3,0.0
FACOAL40,0.0
FACOAL60,0.0
C40CRNt,0.0
C60CRNt,0.0
C40CPT2,0.0
C60CPT2,0.0
EX_4hbz_e,0.0
4HBZte,0.0
EX_bhb_e,0.0
BHBt,0.0
BHBtm,0.0
EX_ghb_e,0.0
GHBt,0.0
GHBtm,0.0
4ABUTtm,0.0
EX_5dglcn_e,0.0
5DGLCNt,0.0
EX_quin_e,0.0
QUINt,0.0
EX_ad_e,0.0
ADtr,0.0
EX_acglu_e,0.0
ACGLUtd,0.0
EX_hom__L_e,0.0
HOMt,0.0
EX_dha_e,0.0
DHAt,0.0
EX_btd_RR_e,0.0
BTDt_RR,0.0
EX_citr__L_e,0.0
CITRte,0.0
EX_mma_e,0.0
MMAt2e,0.0
EX_agm_e,0.0
AGRMte,0.0
AGMt_m,0.0
EX_hista_e,0.0
HISTAtu,0.0
EX_frmd_e,0.0
FRMDt,0.0
EX_gsn_e,0.0
GSNt,0.0
EX_thym_e,0.0
THYMt,0.0
EX_xan_e,0.0
XANt,0.0
EX_xtsn_e,0.0
XTSNtr,0.0
EX_ppi_e,0.0
PPIt2r,0.0
EX_pppi_e,0.0
PPPIt2r,0.0
EX_amp_e,0.0
EX_cmp_e,0.0
EX_gmp_e,0.0
EX_ump_e,0.0
EX_glyc2p_e,0.0
EX_cbp_e,0.0
CBPt,0.0
EX_2pg_e,0.0
EX_glyc__R_e,0.0
GLYC_Rt,0.0
EX_3pg_e,0.0
EX_pep_e,0.0
EX_2doxg6p_e,0.0
EX_gam6p_e,0.0
EX_6pgc_e,0.0
EX_35ccmp_e,0.0
CCMPt2,0.0
CAMPt2,0.0
CGMPt2,0.0
EX_man1p_e,0.0
EX_man6p_e,0.0
EX_pser__L_e,0.0
PSERtr,0.0
EX_cholp_e,0.0
CHOLPtr,0.0
EX_ethamp_e,0.0
ETHAMPtr,0.0
EX_dtmp_e,0.0
NTD5e,0.0
EX_minohp_e,0.0
MINOHPtn,0.0
PHYTSe,0.0
EX_tsul_e,0.0
TSULt4_3,0.0
EX_Lcyst_e,0.0
LCYSTt,0.0
EX_3sala_e,0.0
3SALAt,0.0
EX_cyst__L_e,0.0
CYST_Ltr,0.0
EX_metsox_S__L_e,0.0
EX_metsox_R__L_e,0.0
METSOX1t,0.0
METSOX2t,0.0
EX_taur_e,0.0
TAURt,0.0
EX_hyptaur_e,0.0
BG_MBDG,0.0
EX_mbdg_e,0.0
MEOHt2,0.0
EX_meoh_e,0.0
RBTt,0.0
EX_rbt_e,0.0
RBTDG,0.0
EX_arbt_e,0.0
EX_hqn_e,0.0
ARBTHe,0.0
EX_salcn_e,0.0
EX_2hxmp_e,0.0
SALCNHe,0.0
EX_btn_e,0.0
BTNt2i,0.0
EX_fol_e,0.0
FOLt,0.0
NADtm,0.0
EX_pydxn_e,0.0
PYDXNtr,0.0
RIBFLVt2,0.0
CYOR_u9m,3.430032480943138
H2Otm,-13.547176373727483
TRDR,0.011064012960444543
SERPTer,0.0009197522078350647
ATPS3m,11.432551877042457
ALDD2ym,0.09424086657322109
PRPPS,0.06789860521923569
CYOO6m,1.715016240471569
OIVD2m,0.012384342277080407
C3STKR1er,0.0010864950704074054
C3STKR2er,0.0010864950704074054
FACOAL80p,0.0
DPGM,0.0
LEUTA,0.7789775814895934
RNDR3n,0.0
TRDRm,0.0
GTMLT,0.0
ILETA,0.0
ABTA,0.0
RNDR1n,0.0
VALTA,4.6766586717726655e-05
RNDR2n,0.0
ALDD2xm,0.0
NTD6,0.0
NTD11,0.0
GLUN,0.0
NTD3,0.0
NTD8,0.0
NTD5,0.0
XYLt,0.0
CHTNDA,0.0
FAO141p_even,0.0
FAO161p_odd,0.0
FAO161p_even,0.0
RNDR4n,0.0
ACOAH,0.0
FACOAL100p,0.0
FAO141p_odd,0.0
FAO181p_even,0.0
FAO181p_odd,0.0
MCITSm,0.0
GLYCt2,0.0
THIORDXm,0.0
2DOXG6PP,0.0
THIORDXni,0.0
DHORDfum,0.009111573065500186
THIORDXi,0.0
OAADC,0.0
GAMt1r,0.0
GLYtm,1.4151448481113365e-05
MALTt1r,0.0
OIVD1m,0.0
OIVD3m,0.0
GLCNACT,0.0
FRUt1r,0.0
FAO182p_even,0.0
FAOXC11C9m,0.0
FAOXC15C13m,0.0
FAO182p_odd,0.0
FAOXC7C5m,0.0
2OXOADOXm,0.0
T4HCINNMt,0.0
MANt1r,0.0
FAOXC5C3m,0.0
MCCCrm,0.0
FAO183p_even,0.0
FAOXC13C11m,0.0
FAO183p_odd,0.0
L_LACDcm,0.0
OBDHm,0.0
NADH2_u9m2,3.1467202141694033
FAOXC9C7m,0.0
DHAAt1r,0.0
GLCtg,0.0
GALt1r,0.0
FAOXC170150m,0.0
ACt2r,0.0
PSP_L,0.136155675403949
r_4312,0.0
GGCLUT2,0.0
NTP3,0.0
r_4403,0.0
GLYOX3,0.0
SERD_D,0.0
SERAT,0.0
ACRNtp,0.0
FA240tp,0.0
PMDPHT,0.0001057410746433043
C30CPT1,0.0
FA160COAabcp,0.0
CRNtp,0.0
FA183COAabcp,0.0
AKP1,0.000236991196587117
GLYC3Ptm,9.777033519700147e-05
DHPPDA,0.0001057410746433043
APRAUR,0.0001057410746433043
NADHtru,0.03328786602452309
NADtru,0.03328786602452309
ICDHy,0.0
CS,0.0
MDH,-1.44439993164973
MALS,0.0
ICL,0.0
ICLm,-8.120193970354017e-13
ME1,0.0
ME1p,0.0
PYRt_x,0.0
OAADCp,0.0
ADPtx,0.0
MALSm,0.0
MALt,0.0
SUCCt,0.0
FUMtr,0.0
AKGt2r,0.0
NTD9,0.0
NTD7e,0.0
G2PPe,0.0
2PGPe,0.0
3PGPe,0.0
NTD9e,0.0
PEPPe,0.0
GAM6PPe,0.0
GNPe,0.0
NTD4e,0.0
MAN1PPe,0.0
MAN6PPe,0.0
NTD2e,0.0
GLYCOGENt,0.0
DTTPt,0.0
EX_dttp_e,0.0
FA220tp,0.0
